seq_code;first_position_of_the_fragment;MS_motif;first_pos;last_pos;repeat_number
Anopheles;1;TC;3;20;9
Anopheles;1;GGC;218;235;6
Anopheles;1;GGC;433;450;6
Anopheles;1;CAA;538;582;15
Anopheles;1;ACC;763;777;5
Anopheles;1;GGC;842;856;5
Anopheles;1;AGC;1134;1148;5
Anopheles;1;CAG;1229;1255;9
Anopheles;1468;GT;1668;1681;7
Anopheles;1925;AC;2125;2134;5
Anopheles;1925;AC;2397;2408;6
Anopheles;1925;GC;2674;2687;7
Anopheles;2973;TTC;3173;3187;5
Anopheles;2973;AC;3294;3303;5
Anopheles;2973;AC;3314;3345;16
Anopheles;2973;AG;3501;3516;8
Anopheles;3891;AC;4091;4100;5
Anopheles;3891;AG;4174;4189;8
Anopheles;3891;AC;4231;4244;7
Anopheles;5363;AC;5563;5572;5
Anopheles;5363;CA;5584;5593;5
Anopheles;5363;CA;5739;5752;7
Anopheles;5363;ACA;5990;6013;8
Anopheles;5363;AC;6170;6185;8
Anopheles;5363;AG;6339;6348;5
Anopheles;5363;AC;6419;6428;5
Anopheles;7064;GT;7264;7277;7
Anopheles;7064;AAT;7390;7404;5
Anopheles;9754;TG;9954;9971;9
Anopheles;10628;GT;10828;10839;6
Anopheles;12350;AG;12550;12563;7
Anopheles;12350;AG;12568;12577;5
